value, y
99.550000, -1.841117
99.560000, -1.281278
99.620000, -0.964772
99.650000, -0.724733
99.790000, -0.521542
99.980000, -0.338601
100.020000, -0.166797
100.060000, 0.000000
100.170000, 0.166797
100.230000, 0.338601
100.260000, 0.521542
100.270000, 0.724733
100.330000, 0.964772
100.410000, 1.281278
100.470000, 1.841117
