value, y
-1.816518, -1.968821
-1.137617, -1.441119
-1.037840, -1.148853
-1.020449, -0.931803
-0.753541, -0.752242
-0.649044, -0.594713
-0.592688, -0.451153
-0.582963, -0.316661
-0.464142, -0.187889
-0.407711, -0.062290
-0.124772, 0.062290
0.024987, 0.187889
0.383429, 0.316661
0.413211, 0.451153
0.468405, 0.594713
0.492050, 0.752242
0.948079, 0.931803
1.039017, 1.148853
1.308053, 1.441119
3.069239, 1.968821
